{
  "mu_x": [
    402.649311982718,
    178.49931180016543,
    -101.0321482422631,
    -89.33238956857,
    150.3884586879306,
    357.0946502959011,
    -137.34545988908675,
    -13.966891563801768,
    306.3728181144422,
    -98.89992990219282,
    257.1075873575677,
    -80.05287638324647
  ],
  "sd_x": [
    627.3013725108904,
    361.96984125820194,
    299.4079805324297,
    306.11612898227105,
    441.2097186710531,
    542.820145741503,
    400.4055309590484,
    491.96201102020956,
    440.1874547425334,
    251.93992250713032,
    333.8616628032504,
    199.1505613267989
  ],
  "mu_y": [
    0.6494486551233459,
    0.06749829250329654,
    -7.086471277402162,
    0.0006112126765448548,
    -0.09104876158773803,
    -0.004121479103199359
  ],
  "sd_y": [
    4.1968736659811405,
    1.8910887370827794,
    6.245115540441344,
    0.06611979006137342,
    0.1603505024647853,
    0.04094374347250187
  ]
}