{
  "mu_x": [
    205.10474910967346,
    308.26544829007935,
    -176.25044960513017,
    -38.05813945222748,
    133.0066060558667,
    325.02417323599724,
    -171.2853588666382,
    32.93704817350162,
    259.7028791314501,
    -112.01444897011463,
    224.08248565883747,
    -74.99777270713285
  ],
  "sd_x": [
    332.1967889761348,
    594.3828723832346,
    501.9240556953825,
    279.41114030269944,
    521.392389788576,
    625.6087764955131,
    483.378763133324,
    435.6710394310681,
    444.29408693164896,
    325.90562855539184,
    357.5686436433808,
    239.44100725114083
  ],
  "mu_y": [
    0.9843912119694957,
    -0.015164986839685354,
    -7.334963483916697,
    0.0023847016845257273,
    -0.08151612288259562,
    -0.0017035559440616264
  ],
  "sd_y": [
    3.781010561819869,
    1.7123829439070715,
    6.844690124340292,
    0.06312205268965178,
    0.16996797529298227,
    0.04057423103344539
  ]
}